"","Generation","Complexity","Realism","Artificiality","Fantasy","Humanoid","Cuteness","Coolness","Beauty","Popularity","PopularitySD","MeanDesignSD"
"1","2",2.12469135802469,2.17857661583152,1.92309368191721,2.99397240377633,1.98496732026144,3.49266521423384,3.22193173565723,3.21307189542484,3.69179375453885,1.09789435669603,1.17331992737778
"2","7",3.01698088842975,2.23934659090909,2.52001549586777,3.45977530991736,2.22443181818182,3.06714876033058,3.41470816115702,3.17122933884298,3.63300619834711,1.18547312971821,1.3142259928869
"3","6",3.23031914893617,2.34675531914894,2.39590425531915,3.60547872340426,2.25079787234043,2.93212765957447,3.54925531914894,3.20021276595745,3.61031914893617,1.17715845399145,1.27655275703953
"4","1",2.17735646749196,2.56579588653865,1.94570620918218,2.91992396919778,1.9758748416025,2.9595964518959,3.3052441758456,2.90666731650258,3.59961984598889,1.11655909500248,1.2456588148864
"5","3",2.4324990621148,2.34465941368776,2.27943619700949,3.13553781017204,2.10509673615949,3.06806366900691,3.24969183771906,2.9699340800686,3.59515515300927,1.11091814727958,1.25761989777648
"6","4",2.69645732689211,2.23857302118172,2.38480118914902,3.29319955406912,2.08912424129815,3.0714108757587,3.25820636690202,3.0172178867831,3.55140592097114,1.17131137555763,1.26570635730351
"7","5",2.73783352911562,2.35769424400067,2.26724282597751,3.17452592716899,2.25302064104716,3.01115959053532,3.25436314817922,3.00742574257426,3.48946970968283,1.18186705565882,1.28575579859484
"8","8",3.17000385059684,2.15618983442434,2.48089141316904,3.61888717751251,2.29914324220254,2.80530419715056,3.3774547554871,2.87880246438198,3.42828263380824,1.24410703959548,1.28797899638576
"9","9",2.96835047445878,2.12989374396273,2.62821751235866,3.49553951929087,2.13000738678334,2.96119097676004,3.24154781521677,2.9148247059492,3.37854423546792,1.27483874909796,1.3175790953687
