"","Complexity","Realism","Artificiality","Fantasy","Humanoid","Cuteness","Coolness","Beauty","Popularity"
"1",2.74035763529355,2.29828156938908,2.32612626146112,3.29981061317338,2.15572103803295,3.01855239791621,3.31739729922582,3.01914255516629,3.53255790247383
