"","Generation","Complexity","Realism","Artificiality","Fantasy","Humanoid","Cuteness","Coolness","Beauty","Popularity","PopularitySD","MeanDesignSD"
"1","2",2.12438528621074,2.17815225231132,1.93056193036522,2.993246344502,1.98682053635827,3.48534522326405,3.22365746508426,3.21198609927218,3.68179135794374,1.10727867252365,1.17325543975225
"2","7",3.01695903024652,2.24506090098491,2.52701206364007,3.45748586747479,2.22186607611166,3.06824407016726,3.4131942420887,3.16784194883152,3.61926685704295,1.19065632034032,1.31365577630859
"3","6",3.22698915442941,2.35171321623956,2.40680487570784,3.60538439389577,2.25333525290335,2.93665418946156,3.5473174009022,3.20414627123524,3.60279297437374,1.1827315393928,1.27704591605242
"4","1",2.17400483835496,2.56428414339125,1.95649879041126,2.91748405542116,1.98346162304816,2.96336045744447,3.30921486694524,2.91273367055201,3.59472179458984,1.12655857612411,1.24601579185558
"5","3",2.43002802744757,2.34739538030347,2.28863438677878,3.1333719918817,2.10834058181115,3.06354498888567,3.24784961824684,2.96834831352083,3.58239103121678,1.11702913901504,1.25867714868426
"6","4",2.69778224680185,2.2383665716999,2.39305066756047,3.2975811407184,2.09094463996425,3.06323669068767,3.25719233562371,3.01519468186135,3.53929948047595,1.1804319206662,1.26720938884272
"7","5",2.73550683479117,2.35874133818017,2.27910939452459,3.17600060585406,2.25286834033852,3.01082964141013,3.25108864402287,3.0077246393275,3.4770343443523,1.19029487867958,1.28643821531863
"8","8",3.16739762907638,2.15997220895393,2.48451951886751,3.61318337748057,2.29258760693039,2.80116375005428,3.37431065178688,2.87754570324374,3.41408658647792,1.25226392426229,1.28796450723962
"9","9",2.97442468351187,2.13433447798678,2.6385628619753,3.49413151555533,2.12808159499769,2.95274460560709,3.22889651991184,2.91005074060786,3.3555430270104,1.2828752674975,1.31721444189586
