"","Complexity","Realism","Artificiality","Fantasy","Humanoid","Cuteness","Coolness","Beauty","Popularity"
"1",2.74090154986648,2.29454247176875,2.31263144261547,3.29905700523612,2.15668884873229,3.02230130193718,3.32019883682922,3.01879822132315,3.54710965012366
