"","Generation","Complexity","Realism","Artificiality","Fantasy","Humanoid","Cuteness","Coolness","Beauty","Popularity","PopularitySD","MeanDesignSD"
"1","2",2.12738333704281,2.17679353067735,1.92083982491283,2.99376808368573,1.98812968321092,3.49499221010461,3.22405222939387,3.21233029156466,3.69515542696046,1.09827217454197,1.17407695689689
"2","7",3.01859790278969,2.2419046362857,2.51955417793313,3.45657191848579,2.22680208402031,3.06654355998153,3.41489151223373,3.16982127547319,3.6341093451164,1.18660661550302,1.31454555162727
"3","6",3.23127920878165,2.34800565155961,2.39272905119009,3.60384740789045,2.25573307249212,2.93006194978807,3.54787523095316,3.19764156069992,3.6109118574068,1.1790597888153,1.27683375934254
"4","1",2.17964667827818,2.56531475491416,1.94272207016671,2.91908434934063,1.97820353321722,2.95944264742473,3.30634486190595,2.90470266235382,3.60189101766609,1.11781983407637,1.24592677186255
"5","3",2.43546091526166,2.34513904094592,2.27693234070506,3.13581125465294,2.10729143858113,3.06924677030874,3.25027370264944,2.97054959492008,3.59700021896212,1.11140738957065,1.25802987462015
"6","4",2.69534163453638,2.23936540041717,2.38322482776057,3.29138486821313,2.0927880664939,3.06952784274066,3.25605208267493,3.01472726123507,3.55129258580368,1.17205807153071,1.26595943973324
"7","5",2.73864757085888,2.36049054500236,2.26418249646242,3.17151923159384,2.2563783714249,3.0112345096694,3.25419150122207,3.00673212984006,3.49187427640324,1.1818255180239,1.28596524619444
"8","8",3.17004963876739,2.15727134221261,2.47869464785964,3.61694598712341,2.30215756622598,2.80670369096181,3.37661571730476,2.87826215166855,3.42915417506266,1.2454394269352,1.28850178598737
"9","9",2.96903809358149,2.13010958427553,2.62509421928451,3.49405693743839,2.13358845016525,2.96190641850757,3.24091146286311,2.91384008813127,3.38018206064823,1.27552267439855,1.31789561917453
