"","Generation","Complexity","Realism","Artificiality","Fantasy","Humanoid","Cuteness","Coolness","Beauty","Popularity","PopularitySD","MeanDesignSD"
"1","2",2.12242965367965,2.18066829004329,1.92945075757576,2.99242424242424,1.98667478354978,3.48498376623377,3.22050865800866,3.21158008658009,3.68175054112554,1.10805652004899,1.17436822017793
"2","7",3.01605339105339,2.24531024531025,2.52380952380952,3.45689033189033,2.2224025974026,3.06655844155844,3.41263828763829,3.16865079365079,3.62337662337662,1.19030957774138,1.31521213978587
"3","6",3.22775219135344,2.3512603377408,2.40301094438667,3.60461546080325,2.25345416728569,2.93656217501114,3.54741742187887,3.20368444510474,3.60595255781707,1.18232339067457,1.27754091254541
"4","1",2.17325586673324,2.56511279560619,1.95556261631338,2.9168898370478,1.98379556080069,2.95742363033907,3.30202895919386,2.90735781398938,3.58948754028415,1.12532960718709,1.24650791710061
"5","3",2.42836483319204,2.34862614072707,2.28619159228046,3.13214980302199,2.10801376352665,3.06293322694859,3.2442527302648,2.96713708672019,3.58330424375405,1.1182980141055,1.25943085203243
"6","4",2.69580258302583,2.24048662361624,2.39097094095941,3.29601014760148,2.09057887453875,3.06399907749078,3.25772601476015,3.01666282287823,3.54318496309963,1.18004565703579,1.26791230735218
"7","5",2.73304157549234,2.36019068458893,2.27575023444827,3.17411691153485,2.25277430447015,3.01008127539856,3.25007814942169,3.00718974679587,3.48011097217881,1.18919599253465,1.28699544697004
"8","8",3.16648745519713,2.15878136200717,2.48284050179211,3.61465053763441,2.29525089605735,2.80062724014337,3.37365591397849,2.87755376344086,3.41720430107527,1.25207701183503,1.28882586600698
"9","9",2.97156748758059,2.13317831096079,2.63640207166261,3.49196702251348,2.12895042807314,2.95285910580277,3.22883416129373,2.91026318570976,3.35873586301659,1.28249746778706,1.31832695659366
