"","Complexity","Realism","Artificiality","Fantasy","Humanoid","Cuteness","Coolness","Beauty","Popularity"
"1",2.72997679488081,2.30958441741087,2.29415652907672,3.26961535756979,2.20559735602278,2.98254693762745,3.25823781731243,2.94591097672456,3.48259616060755
