"","Generation","Complexity","Realism","Artificiality","Fantasy","Humanoid","Cuteness","Coolness","Beauty","Popularity","PopularitySD","MeanDesignSD"
"1","2",2.12619589977221,2.18125610152945,1.93374552554507,2.99472827855516,1.98874064432151,3.48434754311747,3.22356003904979,3.21151968760169,3.68096322811585,1.10773635860288,1.1748655514028
"2","7",3.01932087695956,2.24642795163996,2.52901023890785,3.4579742002661,2.22363625846011,3.06600335512235,3.41285358940244,3.16706195406953,3.61809452189507,1.19132486475865,1.3145328516877
"3","6",3.22755233417577,2.35434647847027,2.40837346812265,3.60588431643698,2.25592484860045,2.93638834581088,3.54737494635449,3.2049973773306,3.60316627724,1.18358162769589,1.27809444842017
"4","1",2.17596960167715,2.56734800838574,1.95916317260657,2.91771488469602,1.9847571628232,2.96313766596785,3.31070929419986,2.91404612159329,3.59538784067086,1.126085022151,1.24751426136226
"5","3",2.43086461287067,2.34877685394338,2.29057528716297,3.13413754986303,2.10914596049406,3.0618061229394,3.24828182823088,2.96871245254001,3.58283270053347,1.11709299427227,1.25958218446588
"6","4",2.69907818747223,2.24133718347401,2.39476899155931,3.2977010217681,2.09262549977788,3.06330519768992,3.25671923589516,3.01549311417148,3.53870501999112,1.18020430301733,1.26775914904525
"7","5",2.73697279807367,2.36160126415591,2.28018360359682,3.17581549343467,2.25433613002747,3.00865344821099,3.25061138492795,3.00726137175966,3.4760148989804,1.19061537703722,1.28744451575003
"8","8",3.16739993098689,2.16231021394065,2.48559351276743,3.61210317460317,2.29386645962733,2.80012077294686,3.37405106970324,2.87715665976536,3.41394927536232,1.25236713073253,1.28864136651584
"9","9",2.97555136759538,2.13655579891,2.63973921458768,3.49335302806499,2.12962868639535,2.95013497682473,3.22757601996638,2.90882697499109,3.35414862731116,1.28317743042404,1.3178083616073
