"","Complexity","Realism","Artificiality","Fantasy","Humanoid","Cuteness","Coolness","Beauty","Popularity"
"1",2.73736584378566,2.29649577502797,2.32171630001518,3.29871648554289,2.15460080620225,3.01881138577958,3.31634724041581,3.01904751196092,3.53507879305789
