"","Generation","Complexity","Realism","Artificiality","Fantasy","Humanoid","Cuteness","Coolness","Beauty","Popularity","PopularitySD","MeanDesignSD"
"1","2",2.12815942968244,2.1602397926118,1.8747569669475,3.02073882047959,1.95900842514582,3.47294232015554,3.2047958522359,3.16267012313675,3.69782890473104,1.09567071431755,1.18253516102227
"2","7",3.01180875576037,2.2044930875576,2.49971198156682,3.46918202764977,2.23732718894009,3.02952188940092,3.400633640553,3.12183179723502,3.62543202764977,1.18559595739088,1.32413409867791
"3","1",2.18767689962987,2.58850424559112,1.88907032440671,2.95743522752014,1.9478554321794,2.93141737426519,3.29174831264968,2.86577400391901,3.59710428913564,1.11253780293234,1.25384637612083
"4","3",2.43496954496596,2.3488594291174,2.24304311477368,3.15788845097337,2.0957840678371,3.03451570524304,3.22333691627851,2.91424817866953,3.58987220828855,1.09370047058935,1.26650261292165
"5","6",3.24625801853172,2.31028747921121,2.33796626277025,3.62889047279639,2.25469232596816,2.86600142551675,3.49726775956284,3.11938702779758,3.56806842480399,1.17618205570075,1.28728787574177
"6","4",2.68859709744299,2.22916378714582,2.33517622667588,3.30780926053905,2.06468555632343,3.02183828610919,3.21105736005529,2.94692467173462,3.51997235659986,1.16014583326991,1.27387554110105
"7","5",2.73646750327777,2.30099269526128,2.21651994755572,3.20088031466567,2.24733096085409,2.96431916089155,3.22213897733658,2.95298745083349,3.46975088967972,1.17816056966133,1.29067559614564
"8","8",3.1738243504402,2.10779471762938,2.44417006656646,3.62754992484432,2.31296972299764,2.76948679407344,3.34303199484647,2.8043805024694,3.40712905303844,1.24038784962102,1.29376300864051
"9","9",2.82764350453172,2.08489425981873,2.52326283987915,3.40302114803625,2.16283987915408,2.95996978851964,3.21132930513595,2.85090634441088,3.39501510574018,1.27087021465248,1.32978806473167
