"","Complexity","Realism","Artificiality","Fantasy","Humanoid","Cuteness","Coolness","Beauty","Popularity"
"1",2.737491623221,2.29642439318045,2.31985097852137,3.2984064242796,2.15474608421077,3.01832100952965,3.31629013754955,3.01871855158392,3.53506888835883
