"","Generation","Complexity","Realism","Artificiality","Fantasy","Humanoid","Cuteness","Coolness","Beauty","Popularity","PopularitySD","MeanDesignSD"
"1","2",2.1304111376985,2.18816619534479,1.90287143789428,3.00195779856428,1.99249510550359,3.48129214705243,3.21089841200783,3.18098760060909,3.70426365020666,1.09822631067834,1.16980574233697
"2","7",3.00067665538908,2.23006283228613,2.51918801353311,3.44804253262446,2.25229579507008,3.04523924601257,3.38898018366361,3.12817786370227,3.61556307394877,1.19018437411116,1.31189171238861
"3","3",2.43707865168539,2.36821829855538,2.26163723916533,3.14678972712681,2.11091492776886,3.05674157303371,3.24502407704655,2.94678972712681,3.60714285714286,1.1009978068112,1.25254821760398
"4","1",2.19528398306322,2.59665644619652,1.91641115491313,2.92831070229231,1.97291575412469,2.94254635713243,3.29559059716747,2.88195356986421,3.59578040589867,1.12039313580567,1.23935204415509
"5","6",3.22494023904382,2.33737051792829,2.3796015936255,3.60406374501992,2.26868525896414,2.88964143426295,3.48996015936255,3.13426294820717,3.54964143426295,1.1873360112881,1.27520747232671
"6","4",2.69669390787519,2.25176448736999,2.36311292719168,3.29615527488856,2.09370356612184,3.04485512630015,3.22706166419019,2.97018945022288,3.53352526002972,1.16966587367864,1.2591942535776
"7","5",2.729782417306,2.34090051565841,2.24977990189913,3.17010438938498,2.26424349138473,2.98075713746699,3.21972078983776,2.96252043768079,3.46377814111433,1.18337103692064,1.27922909235994
"8","9",2.93923921368394,2.1225427623181,2.60965024253255,3.49876606246277,2.15266785805463,2.95659943834567,3.22372564037103,2.88486086290528,3.37937196834312,1.28364878907538,1.31494405723063
"9","8",3.16099495313627,2.14462869502523,2.47029560201875,3.60843547224225,2.32105263157895,2.76690699351118,3.3238644556597,2.81268925739005,3.37447728911319,1.25739241515027,1.28509528977121
