"","Complexity","Realism","Artificiality","Fantasy","Humanoid","Cuteness","Coolness","Beauty","Popularity"
"1",2.73875233616852,2.29595100448435,2.32403406583228,3.29959079590469,2.15416805156734,3.01989897944172,3.31813302674811,3.01977365728203,3.5333438676598
