"","Generation","Complexity","Realism","Artificiality","Fantasy","Humanoid","Cuteness","Coolness","Beauty","Popularity","PopularitySD","MeanDesignSD"
"1","2",2.12287511711953,2.17989559630572,1.93166912059965,2.99317360460447,1.98748494177486,3.4856779547584,3.22072011778878,3.2122205862669,3.68183643421229,1.10714482789747,1.17411423050845
"2","7",3.01765440171194,2.24650775723712,2.52701658443797,3.45800392320038,2.22284967009451,3.06621886702728,3.41211436723533,3.16750876775843,3.61974677524817,1.19193330116581,1.31491339769936
"3","6",3.22734179697074,2.3519435321798,2.40581344051762,3.60560756825646,2.25361501887162,2.93666977108965,3.54732611146512,3.20503896867801,3.60467624136072,1.18233144508039,1.27733266327374
"4","1",2.17248810272066,2.56577175181826,1.95631678189818,2.91667414923229,1.98437640298105,2.96049205351531,3.30488461883811,2.90931130466014,3.59284367423902,1.12543825394,1.24669211040354
"5","3",2.42801441192439,2.34850204827008,2.28804106411332,3.13252060609052,2.10823750061695,3.06376782982084,3.24450915552046,2.96821479690045,3.58432456443413,1.11721548938172,1.2594133380775
"6","4",2.69614331355545,2.24013007759014,2.39188726608854,3.29860794157919,2.09054084892743,3.06332724783204,3.25661798265632,3.01568918302145,3.54204701049749,1.17997640925871,1.26786895129197
"7","5",2.73417868326439,2.35941547145011,2.27873352147524,3.17586113581011,2.25337302354351,3.00846638574245,3.24807670004253,3.00529632350099,3.4763598407237,1.1907475357602,1.28704511012223
"8","8",3.16759826102387,2.16010114453021,2.48607044627806,3.61542897702067,2.29504924141602,2.80001774465442,3.37339189069293,2.87796113920681,3.41407151095732,1.25289225357018,1.28877272487364
"9","9",2.97326566914304,2.1357120435283,2.63822329182798,3.49340797321335,2.13011405252694,2.95160615255833,3.22836664225175,2.90980433190332,3.35649262320812,1.28323473765938,1.31847051173076
