"","Generation","Complexity","Realism","Artificiality","Fantasy","Humanoid","Cuteness","Coolness","Beauty","Popularity","PopularitySD","MeanDesignSD"
"1","2",2.12292449607106,2.18202938161941,1.92832251451999,2.99180047830543,1.98729074137342,3.48404509736932,3.2202254868466,3.21175264776221,3.68124359412368,1.10815843895827,1.17474595670436
"2","7",3.01542385231965,2.24423123633714,2.52210347340296,3.45561088170998,2.22206703910615,3.06697838231722,3.41176827787224,3.16899441340782,3.62345154238523,1.19009409816735,1.31511824754263
"3","6",3.22856428214107,2.35182591295648,2.40135067533767,3.60545272636318,2.25322661330665,2.93526763381691,3.54762381190595,3.2024012006003,3.6064032016008,1.18256426828907,1.27802172554414
"4","1",2.17287685045144,2.56583711444154,1.9534809111325,2.91621980842385,1.9824464915899,2.95618497639672,3.30106787662129,2.90723681195289,3.58893624822402,1.12503049971787,1.24658012168467
"5","3",2.42959343039952,2.3469696206358,2.28404453624868,3.13315532268628,2.1085697012444,3.06302584513074,3.24560431255983,2.96785732278704,3.58451307370648,1.11828696552324,1.25970851041584
"6","4",2.69573575672842,2.24105790516137,2.38896656180823,3.29441920074566,2.09023651403938,3.06489572410579,3.2581265291856,3.01602003961319,3.54316672492136,1.17994014072272,1.26758780153551
"7","5",2.73430409218263,2.36036462649461,2.27362771792747,3.17382897281086,2.25405469397419,3.00856319797956,3.2499506728227,3.00651118740381,3.47946016337161,1.18919007746082,1.28701796707688
"8","8",3.16582186821144,2.15817342505431,2.48162563359884,3.61477190441709,2.29539283128168,2.80082367849384,3.37296343229544,2.87744388124547,3.41681752353367,1.25206402019066,1.28908688156643
"9","9",2.97066994337002,2.13238593866866,2.63425579655946,3.49150550272465,2.12976813762154,2.95234533604018,3.22929800192328,2.90907148199594,3.35906613954482,1.28183817944709,1.31833695318637
