"","Generation","Complexity","Realism","Artificiality","Fantasy","Humanoid","Cuteness","Coolness","Beauty","Popularity","PopularitySD","MeanDesignSD"
"1","2",2.12763879498159,2.17534370069867,1.91961535572083,2.99414018480956,1.98640222372474,3.49560513860717,3.2225978514011,3.21192998272106,3.69739313349861,1.09900206547089,1.17374055994111
"2","7",3.01956986374566,2.24118354261288,2.52097248196634,3.45658562650281,2.22789206518835,3.06719209190489,3.41397274913171,3.16904889126369,3.6358535933743,1.18479191657926,1.31449432547782
"3","6",3.23313524815671,2.3460437988335,2.39105315285573,3.60454495433036,2.25580499614834,2.92940464399692,3.54743039506988,3.1967095851216,3.61087267525036,1.17786739727177,1.27646875656266
"4","1",2.17959574575331,2.56514945309743,1.94163012248601,2.9182922526337,1.97827511467312,2.95866727153586,3.30651746559806,2.90251524774434,3.60295377791219,1.11638080851164,1.24551150112298
"5","3",2.43350326942259,2.34594924082899,2.27596143189627,3.13692785104732,2.10855591266763,3.0693782555691,3.24986146514463,2.96946691787654,3.59769478000665,1.11086799966076,1.25725592570394
"6","4",2.69474156151925,2.23730224812656,2.38230961378339,3.29257669890476,2.09280727598796,3.06955742009864,3.25568436559278,3.0140908217511,3.5532569013002,1.17170485276695,1.26570934407332
"7","5",2.73807353388028,2.35790250466641,2.26357598645657,3.17081217172375,2.2580631158571,3.0101575726006,3.25350523071581,3.00568650431914,3.4922515952598,1.18152838683418,1.28545686006561
"8","8",3.17115413328025,2.15692032050963,2.47777833076196,3.61852386403225,2.30373762006669,2.80640023888917,3.37714626984522,2.8769720798288,3.43064748917533,1.2439593208885,1.2878501820747
"9","9",2.96951183692651,2.12906068260589,2.62362685778065,3.49485989543559,2.13493508782236,2.96181636609293,3.24137931034483,2.91300005874405,3.38236503554015,1.27590207266194,1.3179198751892
