"","Generation","Complexity","Realism","Artificiality","Fantasy","Humanoid","Cuteness","Coolness","Beauty","Popularity","PopularitySD","MeanDesignSD"
"1","2",2.12781326034063,2.17472627737226,1.91651459854015,2.99361313868613,1.9856295620438,3.4955900243309,3.22179136253041,3.21129866180049,3.69829683698297,1.0985793832398,1.17283186674604
"2","7",3.01777027027027,2.23871621621622,2.51891891891892,3.45689189189189,2.23040540540541,3.06581081081081,3.41189189189189,3.16851351351351,3.63527027027027,1.18581677060179,1.31415539405319
"3","6",3.2322203672788,2.34663327768503,2.39070673344463,3.60350584307179,2.25603784084585,2.92737896494157,3.54546466332777,3.1946021146355,3.60862548692265,1.17686053811997,1.27581873840825
"4","1",2.17919428862825,2.56537480877104,1.94120346761856,2.91764405915349,1.97746047934727,2.9580826109128,3.30489546149923,2.90173380928098,3.60193778684345,1.11616755161075,1.24476866950589
"5","3",2.43242334211559,2.34615169011716,2.27574415606256,3.13616234093839,2.10919894612927,3.070239363193,3.24984584337687,2.96967318795897,3.59891249509502,1.1091357552492,1.25648444345829
"6","4",2.69419613939629,2.23714211685451,2.38074880165825,3.29265448892344,2.09360020728074,3.06859696851924,3.25346547480244,3.01204819277108,3.55214406011141,1.17150618490151,1.26527545151156
"7","5",2.73709394205443,2.35627743634767,2.26237928007024,3.17181738366989,2.25851624231782,3.0089552238806,3.25184372256365,3.00381913959614,3.49043020193152,1.18145075666789,1.28444100446142
"8","8",3.17169735385854,2.15690713351444,2.4790220344099,3.61867391085622,2.30641915685683,2.80626823624107,3.37689908441493,2.87614448133615,3.43067713049603,1.24359659960808,1.28766984108026
"9","9",2.96825585542742,2.12929497087148,2.62198311734633,3.49583878254667,2.13541790512424,2.96106289382951,3.24123172036619,2.9117821899893,3.38205920817976,1.27619399519241,1.31742448826256
