"","Complexity","Realism","Artificiality","Fantasy","Humanoid","Cuteness","Coolness","Beauty","Popularity"
"1",2.73542130308129,2.29567207657095,2.29787041560368,3.30102770088115,2.16629575349654,2.99875156054931,3.29197199153232,2.97762760317719,3.52686858817782
