"","Generation","Complexity","Realism","Artificiality","Fantasy","Humanoid","Cuteness","Coolness","Beauty","Popularity","PopularitySD","MeanDesignSD"
"1","2",2.12441735389028,2.18078164216565,1.92413051272858,2.99526712083184,1.983865184654,3.49229114377913,3.22344926496952,3.21491574040875,3.69114377913231,1.09984699404345,1.1733577991746
"2","7",3.018097240808,2.23966099534824,2.52214363091824,3.46065124577837,2.22302937615497,3.06754603963551,3.41508953036386,3.17198751035494,3.63181036130759,1.18527145824174,1.31447204373211
"3","6",3.23055103220045,2.3470084572149,2.39722645374796,3.60713347691338,2.25130009980564,2.93334033723801,3.55108472973683,3.20323580396071,3.61180858328518,1.17786454697763,1.27660951095198
"4","1",2.17565292674715,2.56577365206099,1.94569765764033,2.92102351979222,1.97710547833197,2.9607041508345,3.30575729883122,2.90808522918571,3.59944206627868,1.11741871045631,1.24552619455054
"5","3",2.43250819845552,2.34576324976198,2.28033428541204,3.13641172114673,2.10515180366021,3.06807362741987,3.25081984555168,2.97133185232201,3.59478472442611,1.11110885070944,1.25781427130246
"6","4",2.69670477471419,2.23940820443847,2.38637892033992,3.29424711132848,2.08821911108394,3.07073424222046,3.26001100446292,3.01809622791465,3.55083450510485,1.17234599330527,1.26560982523933
"7","5",2.73767503521419,2.35943325876212,2.26969922943077,3.17656806694838,2.25287927748778,3.01222139365316,3.25532355621841,3.0086171182368,3.48798574861215,1.18289756932018,1.28600530371003
"8","8",3.16942070275404,2.15688509021842,2.48019943019943,3.61946818613485,2.29905033238367,2.80546058879392,3.37815764482431,2.88019943019943,3.42711301044634,1.24464891618102,1.28782865838654
"9","9",2.96928423294658,2.13149487136371,2.62967322459503,3.49666498514657,2.12858023653383,2.9603161257777,3.24152233619192,2.91569979261252,3.37638024774396,1.27440266791583,1.31733397560435
