"","Complexity","Realism","Artificiality","Fantasy","Humanoid","Cuteness","Coolness","Beauty","Popularity"
"1",2.72615666914238,2.31486740355629,2.30063931728487,3.27793554400221,2.19837767777826,2.98684957840011,3.25984825316382,2.9480973393333,3.4946189581604
