"","Complexity","Realism","Artificiality","Fantasy","Humanoid","Cuteness","Coolness","Beauty","Popularity"
"1",2.74104354560672,2.29348314887451,2.31176455892273,3.29948534739051,2.15740625078072,3.02206010942614,3.31990281559947,3.01773802683189,3.5483361231169
