"","Generation","Complexity","Realism","Artificiality","Fantasy","Humanoid","Cuteness","Coolness","Beauty","Popularity","PopularitySD","MeanDesignSD"
"1","2",2.12726138490331,2.15517779164067,1.87367436057392,3.01388022457891,1.95867124142233,3.47660636306925,3.20336868371803,3.16297567061759,3.69806612601372,1.0938106382772,1.1790764510316
"2","7",3.01206490084593,2.20066564970184,2.49798918319234,3.46026903342116,2.2365829981972,3.03217306892248,3.39883511302177,3.11967826931078,3.6254333656913,1.18145046467884,1.32257710412297
"3","1",2.18619750759242,2.58288826055084,1.88501413760603,2.94701015813174,1.94941878730757,2.9328725520997,3.29238663734422,2.86438370510001,3.59608335951409,1.1106494048515,1.25196586743216
"4","3",2.43419236079153,2.34756097560976,2.23884031293143,3.15140358950759,2.09318913943856,3.0377358490566,3.22641509433962,2.91670501610676,3.59422457432122,1.09173304818895,1.26391393905683
"5","6",3.24553979871912,2.31141354071363,2.33851784080512,3.61951052150046,2.25114364135407,2.86825251601098,3.49977127172919,3.12465690759378,3.5688472095151,1.172094428764,1.28479413506406
"6","4",2.68776595744681,2.22340425531915,2.33271276595745,3.29960106382979,2.06595744680851,3.02273936170213,3.21117021276596,2.94627659574468,3.51941489361702,1.1596705686803,1.27147738263393
"7","5",2.73614490402812,2.29917995854736,2.21690546994683,3.18860953410832,2.24357934576913,2.96882040191043,3.22005947553393,2.95485266288186,3.4718392358295,1.17479498656084,1.29009211550981
"8","8",3.17468014857615,2.1079240610813,2.4436648782501,3.61721007016096,2.3079859678085,2.77084193148989,3.34306644655386,2.80571605447792,3.40404457284358,1.23814066582611,1.2910386302512
"9","9",2.86531365313653,2.07788613600422,2.53492356352135,3.43568792830785,2.20835529783869,2.97522403795467,3.20242488139167,2.86966262519768,3.39377965208224,1.26962124775624,1.32346389241513
