"","Complexity","Realism","Artificiality","Fantasy","Humanoid","Cuteness","Coolness","Beauty","Popularity"
"1",2.73876798108292,2.29660302585773,2.32358833446456,3.29941650428043,2.15402425940928,3.01933308519256,3.3179504302323,3.01937140104657,3.53341689838635
