"","Generation","Complexity","Realism","Artificiality","Fantasy","Humanoid","Cuteness","Coolness","Beauty","Popularity","PopularitySD","MeanDesignSD"
"1","2",2.12583080596244,2.18022843130929,1.93327740853068,2.99599922565658,1.98961089243079,3.4859650254888,3.22230109053365,3.21087952506937,3.68103503903981,1.10646280283165,1.17474517828026
"2","7",3.02065167508031,2.24690224873795,2.52948600275356,3.45818035796237,2.22257916475447,3.06545433685177,3.41205828361634,3.16595915557595,3.61673932996788,1.19084283998578,1.31448308046869
"3","6",3.22770030725597,2.35362798392815,2.4097376506736,3.60628692980383,2.25563696525644,2.93566532734578,3.54715197352872,3.20425431340109,3.60264712833845,1.1833927598442,1.27792905979423
"4","1",2.17475644078805,2.56557696471098,1.95864905823771,2.91816410478459,1.98610088763802,2.96371508984629,3.31175579129682,2.91379086382334,3.59722883741069,1.12565052074409,1.24765944407589
"5","3",2.4303664921466,2.34892908138981,2.29048072346502,3.13384102808187,2.10899571632556,3.06192289386007,3.24773917182294,2.96782484531176,3.58305568776773,1.11690671944237,1.25968709589613
"6","4",2.70006051603675,2.24211916157782,2.39505969081807,3.29762887165099,2.09247950706937,3.06266160532541,3.25548770424162,3.01446883424107,3.53842768333608,1.17976111611316,1.26791696225211
"7","5",2.73710705895514,2.36197188350673,2.28086661446098,3.17537383003319,2.25420442256777,3.00928515493903,3.24958048998769,3.00738337621658,3.47581757840176,1.1895457613957,1.28706424104608
"8","8",3.1688183994528,2.16266244870041,2.4859353625171,3.61161935704514,2.29441689466484,2.79954685362517,3.37410225718194,2.87722298221614,3.41330369357045,1.25178019424028,1.28859640256229
"9","9",2.97754339927331,2.13690956802584,2.64064392410174,3.49399475171579,2.12838110617683,2.94877876463464,3.225272507065,2.90734759790069,3.35082761404925,1.28292421881722,1.31767367475975
