"","Generation","Complexity","Realism","Artificiality","Fantasy","Humanoid","Cuteness","Coolness","Beauty","Popularity","PopularitySD","MeanDesignSD"
"1","2",2.12467651088446,2.15847160907292,1.87166996498706,3.00943827066525,1.96255137768306,3.47206576343431,3.20018267620642,3.16197290302938,3.69508296544375,1.09568488795464,1.17838804065369
"2","7",3.01138057173825,2.20254708034142,2.49844194553584,3.46064218940523,2.23953393849072,3.02980625931446,3.3961522828885,3.11963148624848,3.62281533667525,1.18015002624543,1.32139573544083
"3","1",2.18346279640229,2.58452575633688,1.88532297628782,2.94521668029436,1.9511447260834,2.93100981193786,3.29241618969747,2.8659035159444,3.59719950940311,1.10994000276875,1.25115935640422
"4","3",2.43247191011236,2.35123595505618,2.23696629213483,3.14898876404494,2.09426966292135,3.03505617977528,3.22606741573034,2.91876404494382,3.59595505617978,1.09056496965391,1.26317613596926
"5","6",3.2467619472979,2.3111880303707,2.34055381866905,3.61835640911121,2.25301473872264,2.86612326931666,3.49866011612327,3.1243858865565,3.56710585082626,1.17280243043224,1.2839410886907
"6","4",2.6877110937906,2.2240841777085,2.33112496752403,3.30254611587425,2.07131722525331,3.02182385035074,3.21044427123928,2.94751883606131,3.51870615744349,1.15906888260941,1.27035086042496
"7","5",2.7348644843365,2.29971840901091,2.21832101372756,3.19007391763464,2.24815205913411,2.96436114044351,3.21999296022527,2.95327349524815,3.46955297430482,1.17466454538486,1.28943156925079
"8","8",3.17236510337872,2.10600100857287,2.44236006051437,3.61401916288452,2.31094301563288,2.76701966717095,3.33666162380232,2.80272314674735,3.39737771053959,1.2393909579279,1.29065145592894
"9","9",2.86778350515464,2.07873711340206,2.54007731958763,3.43737113402062,2.20927835051546,2.97551546391753,3.19922680412371,2.86907216494845,3.39046391752577,1.27156117667128,1.32283615524321
