"","Generation","Complexity","Realism","Artificiality","Fantasy","Humanoid","Cuteness","Coolness","Beauty","Popularity","PopularitySD","MeanDesignSD"
"1","2",2.13665389527459,2.17581949765858,1.93510916499422,3.00066897768047,1.98917472480691,3.48890105211944,3.22270875144438,3.21413367390379,3.67621480265158,1.11117043107434,1.17614965747932
"2","7",3.02945945945946,2.24945945945946,2.52491891891892,3.45854054054054,2.21935135135135,3.06562162162162,3.41032432432432,3.17108108108108,3.60989189189189,1.19475406909118,1.31441399398819
"3","6",3.23421978707292,2.35328967882756,2.4080805381086,3.60514944986414,2.25230522517707,2.93585460376854,3.54706222994343,3.20891799189273,3.59784400196,1.18496031491051,1.27856618083712
"4","1",2.17837904015671,2.56047992164545,1.95788442703232,2.91797257590597,1.98498204374796,2.96523016650343,3.31092882794646,2.91878876918054,3.59280117531832,1.13259389936557,1.24809255015679
"5","3",2.43834694426995,2.34663017140806,2.29018217715157,3.13842771246522,2.10535762362021,3.06461455622364,3.24881091268061,2.97312213945975,3.57879386161716,1.12291243347759,1.26116708066164
"6","4",2.70601347848626,2.23758424053914,2.39720062208398,3.29813374805599,2.08880248833593,3.06526697770866,3.25147744945568,3.01757387247278,3.53260756868844,1.18194447163247,1.26920676783945
"7","5",2.74484382136959,2.3582094796388,2.28098099153227,3.17539791293349,2.24805874705738,3.01092723375848,3.24795333965778,3.01110291275781,3.46941428621623,1.19511180616345,1.28783277666713
"8","8",3.17689952461526,2.15941503504955,2.48541616308114,3.61018451373781,2.29240190153896,2.79945209894448,3.37059866247683,2.8809926677947,3.40556764160825,1.25302229990198,1.2878762533382
"9","9",2.98654303376129,2.13542558250119,2.64607703281027,3.4981455064194,2.12658107465525,2.95045173561579,3.22106514503091,2.91393247741322,3.34084640989063,1.28469562169951,1.31783592850042
